Product Information,Total Transaction Amount
FUSGX NK    20100910,1906885.0000000
FUCME N1    20100910,1979850.0000000
FUCME NK.   20100910,2744325.0000000
